section,name
"0","InsCoder Limited"
"0","Chic Workshop"
"0","Wave Commerce"
"0","leuphis"
"0","Gordon-Chan.net"
"0","Sonrisa Ventures"
"0","JiuTu"
"0","Jumpstart"
"0",""
"1","Chic Workshop"
"1","Shafiqul Islam"
"1","360 & 5"
"1","id-Booth SG©"
"1","Thriftizer Solutions"
"1","Meekco.Asia"
"1","eShop Genius"
"1","Gurl Studio - Shopjedi"
"1","Flagship LLC"
"1","MakkPress Technologies"
"1","The Hope Factory"
"1","Adex Labs"
"2","InsCoder Limited"
"3","JiuTu"
"3","JadeCommercecenter.com"
"3","Meekco.Asia"
"3","eShop Genius"
"3","Gurl Studio - Shopjedi"
"3","Flagship LLC"
"3","MakkPress Technologies"
"3","The Hope Factory"
"3","Eastside Co"
"4","The Brand Photo"
"4","Gurl Studio - Shopjedi"
"4","Flagship LLC"
"4","Blue Horizons"
"4","EC Capsule°（Powered by ARCHETYP）"
"4","Prime Seller Hub"
"4","eChic.com.au"
"4","Aeolidia"
"4","Process"
"4","Elkfox"
